{"cameraMode":{"drawMode":0,"name":"Shaded","section":"Shading Mode"},"sceneLighting":true,"audioPlay":false,"sceneViewState":{"m_AlwaysRefresh":false,"showFog":true,"showSkybox":true,"showFlares":true,"showImageEffects":true,"showParticleSystems":true,"showVisualEffectGraphs":true,"m_FxEnabled":true},"in2DMode":false,"pivot":{"x":-0.474052757024765,"y":-12.408544540405274,"z":3.045947551727295},"rotation":{"x":-0.597711980342865,"y":-0.000724312849342823,"z":0.0005420703673735261,"w":-0.801442563533783},"size":11.925186157226563,"orthographic":false}